r,e,y,AnnualEmissions
REGION,AGOCO2,2015.0,3.7305
REGION,AGOCO2,2016.0,3.8923
REGION,AGOCO2,2017.0,1.0342
REGION,AGOCO2,2018.0,1.0356
REGION,AGOCO2,2019.0,1.04
REGION,AGOCO2,2020.0,1.0413
REGION,AGOCO2,2021.0,1.0286
REGION,AGOCO2,2022.0,2.3947
REGION,AGOCO2,2023.0,2.9868
REGION,AGOCO2,2024.0,1.3083
REGION,AGOCO2,2025.0,2.2626
REGION,AGOCO2,2026.0,3.3304
REGION,AGOCO2,2027.0,3.9468
REGION,AGOCO2,2028.0,4.6022
REGION,AGOCO2,2029.0,5.2129
REGION,AGOCO2,2030.0,5.8706
REGION,AGOCO2,2031.0,6.821
REGION,AGOCO2,2032.0,7.4833
REGION,AGOCO2,2033.0,8.0299
REGION,AGOCO2,2034.0,8.2312
REGION,AGOCO2,2035.0,8.6083
REGION,AGOCO2,2036.0,9.1865
REGION,AGOCO2,2037.0,10.0339
REGION,AGOCO2,2038.0,10.9058
REGION,AGOCO2,2039.0,11.8379
REGION,AGOCO2,2040.0,12.7989
REGION,BDICO2,2015.0,0.0054
REGION,BDICO2,2016.0,0.0054
REGION,BDICO2,2017.0,0.0058
REGION,BDICO2,2018.0,0.0059
REGION,BDICO2,2019.0,0.0059
REGION,BDICO2,2020.0,0.0059
REGION,BDICO2,2021.0,0.0057
REGION,BDICO2,2022.0,0.0057
REGION,BDICO2,2023.0,0.0054
REGION,BDICO2,2024.0,0.0244
REGION,BDICO2,2025.0,0.0242
REGION,BDICO2,2026.0,0.024
REGION,BDICO2,2027.0,0.0234
REGION,BDICO2,2028.0,0.0231
REGION,BDICO2,2029.0,0.023
REGION,BDICO2,2030.0,0.0229
REGION,BDICO2,2031.0,0.0228
REGION,BDICO2,2032.0,0.0226
REGION,BDICO2,2033.0,0.0225
REGION,BDICO2,2034.0,0.0223
REGION,BDICO2,2035.0,0.0222
REGION,BDICO2,2036.0,0.0221
REGION,BDICO2,2037.0,0.022
REGION,BDICO2,2038.0,0.0217
REGION,BDICO2,2039.0,0.0214
REGION,BDICO2,2040.0,0.0212
REGION,BENCO2,2015.0,0.2637
REGION,BENCO2,2016.0,0.2616
REGION,BENCO2,2017.0,0.2659
REGION,BENCO2,2018.0,0.2675
REGION,BENCO2,2019.0,0.7411
REGION,BENCO2,2020.0,0.1754
REGION,BENCO2,2021.0,0.7363
REGION,BENCO2,2022.0,0.9388
REGION,BENCO2,2023.0,0.9257
REGION,BENCO2,2024.0,0.9126
REGION,BENCO2,2025.0,0.8969
REGION,BENCO2,2026.0,0.9334
REGION,BENCO2,2027.0,0.869
REGION,BENCO2,2028.0,0.8555
REGION,BENCO2,2029.0,0.8424
REGION,BENCO2,2030.0,0.8293
REGION,BENCO2,2031.0,0.8163
REGION,BENCO2,2032.0,0.8032
REGION,BENCO2,2033.0,0.7901
REGION,BENCO2,2034.0,0.7771
REGION,BENCO2,2035.0,0.764
REGION,BENCO2,2036.0,0.4248
REGION,BENCO2,2037.0,0.3766
REGION,BENCO2,2038.0,0.384
REGION,BENCO2,2039.0,0.2267
REGION,BENCO2,2040.0,0.2526
REGION,BENREN,2015.0,0.0
REGION,BENREN,2016.0,0.0
REGION,BENREN,2017.0,0.0
REGION,BENREN,2018.0,0.0
REGION,BENREN,2019.0,0.0
REGION,BENREN,2020.0,0.0
REGION,BENREN,2021.0,-18.7401
REGION,BENREN,2022.0,-13.7871
REGION,BENREN,2023.0,-11.5271
REGION,BENREN,2024.0,-9.6455
REGION,BENREN,2025.0,-8.0708
REGION,BENREN,2026.0,-9.3698
REGION,BENREN,2027.0,-8.223
REGION,BENREN,2028.0,-6.9495
REGION,BENREN,2029.0,-5.9867
REGION,BENREN,2030.0,-5.2093
REGION,BENREN,2031.0,-5.4907
REGION,BENREN,2032.0,-5.7721
REGION,BENREN,2033.0,-6.0534
REGION,BENREN,2034.0,-6.2286
REGION,BENREN,2035.0,-6.3403
REGION,BENREN,2036.0,-8.1945
REGION,BENREN,2037.0,-8.5015
REGION,BENREN,2038.0,-8.5128
REGION,BENREN,2039.0,-9.4003
REGION,BENREN,2040.0,-9.313
REGION,BFACO2,2015.0,0.2808
REGION,BFACO2,2016.0,0.2945
REGION,BFACO2,2017.0,0.3092
REGION,BFACO2,2018.0,0.3562
REGION,BFACO2,2019.0,0.388
REGION,BFACO2,2020.0,0.2931
REGION,BFACO2,2021.0,0.2799
REGION,BFACO2,2022.0,0.2595
REGION,BFACO2,2023.0,0.2452
REGION,BFACO2,2024.0,0.2307
REGION,BFACO2,2025.0,0.2122
REGION,BFACO2,2026.0,0.1988
REGION,BFACO2,2027.0,0.1825
REGION,BFACO2,2028.0,0.1684
REGION,BFACO2,2029.0,0.1544
REGION,BFACO2,2030.0,0.1403
REGION,BFACO2,2031.0,0.1263
REGION,BFACO2,2032.0,0.1123
REGION,BFACO2,2033.0,0.0982
REGION,BFACO2,2034.0,0.0842
REGION,BFACO2,2035.0,0.0701
REGION,BFACO2,2036.0,0.0561
REGION,BFACO2,2037.0,0.0421
REGION,BFACO2,2038.0,0.0644
REGION,BFACO2,2039.0,0.0503
REGION,BFACO2,2040.0,0.0363
REGION,BFAREN,2015.0,0.0
REGION,BFAREN,2016.0,0.0
REGION,BFAREN,2017.0,0.0
REGION,BFAREN,2018.0,0.0
REGION,BFAREN,2019.0,0.0
REGION,BFAREN,2020.0,0.0
REGION,BFAREN,2021.0,-3.4208
REGION,BFAREN,2022.0,-3.7629
REGION,BFAREN,2023.0,-3.6115
REGION,BFAREN,2024.0,-3.259
REGION,BFAREN,2025.0,-3.6841
REGION,BFAREN,2026.0,-4.1008
REGION,BFAREN,2027.0,-4.6756
REGION,BFAREN,2028.0,-4.9229
REGION,BFAREN,2029.0,-5.4617
REGION,BFAREN,2030.0,-5.9364
REGION,BFAREN,2031.0,-6.096
REGION,BFAREN,2032.0,-6.2561
REGION,BFAREN,2033.0,-6.5773
REGION,BFAREN,2034.0,-6.9003
REGION,BFAREN,2035.0,-7.2668
REGION,BFAREN,2036.0,-7.6359
REGION,BFAREN,2037.0,-8.2035
REGION,BFAREN,2038.0,-8.7433
REGION,BFAREN,2039.0,-9.1382
REGION,BFAREN,2040.0,-9.5907
REGION,BWACO2,2015.0,3.9987
REGION,BWACO2,2016.0,3.9963
REGION,BWACO2,2017.0,3.6783
REGION,BWACO2,2018.0,3.5123
REGION,BWACO2,2019.0,4.2424
REGION,BWACO2,2020.0,4.3905
REGION,BWACO2,2021.0,4.8544
REGION,BWACO2,2022.0,2.307
REGION,BWACO2,2023.0,2.0826
REGION,BWACO2,2024.0,4.5395
REGION,BWACO2,2025.0,4.2874
REGION,BWACO2,2026.0,4.0344
REGION,BWACO2,2027.0,3.7814
REGION,BWACO2,2028.0,4.2156
REGION,BWACO2,2029.0,5.4841
REGION,BWACO2,2030.0,6.6841
REGION,BWACO2,2031.0,6.431
REGION,BWACO2,2032.0,6.6902
REGION,BWACO2,2033.0,6.6932
REGION,BWACO2,2034.0,6.8134
REGION,BWACO2,2035.0,6.9325
REGION,BWACO2,2036.0,7.0453
REGION,BWACO2,2037.0,7.1735
REGION,BWACO2,2038.0,7.3563
REGION,BWACO2,2039.0,7.5525
REGION,BWACO2,2040.0,7.6188
REGION,BWAREN,2015.0,0.0
REGION,BWAREN,2016.0,0.0
REGION,BWAREN,2017.0,0.0
REGION,BWAREN,2018.0,0.0
REGION,BWAREN,2019.0,0.0
REGION,BWAREN,2020.0,0.0
REGION,BWAREN,2021.0,-0.0
REGION,BWAREN,2022.0,0.0
REGION,BWAREN,2023.0,-0.0
REGION,BWAREN,2024.0,-0.0
REGION,BWAREN,2025.0,-0.0
REGION,BWAREN,2026.0,-0.0
REGION,BWAREN,2027.0,-0.0
REGION,BWAREN,2028.0,0.0
REGION,BWAREN,2029.0,-0.0
REGION,BWAREN,2030.0,-0.0
REGION,BWAREN,2031.0,-0.9904
REGION,BWAREN,2032.0,-0.0
REGION,BWAREN,2033.0,-0.0
REGION,BWAREN,2034.0,-0.0
REGION,BWAREN,2035.0,-0.0
REGION,BWAREN,2036.0,-0.0
REGION,BWAREN,2037.0,-0.0
REGION,BWAREN,2038.0,-0.0
REGION,BWAREN,2039.0,-0.0
REGION,BWAREN,2040.0,-0.5181
REGION,CAFCO2,2015.0,0.0987
REGION,CAFCO2,2016.0,0.0991
REGION,CAFCO2,2017.0,0.0796
REGION,CAFCO2,2018.0,0.0801
REGION,CAFCO2,2019.0,0.0849
REGION,CAFCO2,2020.0,0.0864
REGION,CAFCO2,2021.0,0.0863
REGION,CAFCO2,2022.0,0.1557
REGION,CAFCO2,2023.0,0.3309
REGION,CAFCO2,2024.0,0.4494
REGION,CAFCO2,2025.0,0.5707
REGION,CAFCO2,2026.0,0.5512
REGION,CAFCO2,2027.0,0.5482
REGION,CAFCO2,2028.0,0.5468
REGION,CAFCO2,2029.0,0.5454
REGION,CAFCO2,2030.0,0.5547
REGION,CAFCO2,2031.0,0.5466
REGION,CAFCO2,2032.0,0.5419
REGION,CAFCO2,2033.0,0.5374
REGION,CAFCO2,2034.0,0.5328
REGION,CAFCO2,2035.0,0.5287
REGION,CAFCO2,2036.0,0.5395
REGION,CAFCO2,2037.0,0.555
REGION,CAFCO2,2038.0,0.5701
REGION,CAFCO2,2039.0,0.5691
REGION,CAFCO2,2040.0,0.5686
REGION,CIVCO2,2015.0,2.0878
REGION,CIVCO2,2016.0,2.8605
REGION,CIVCO2,2017.0,4.0652
REGION,CIVCO2,2018.0,2.1486
REGION,CIVCO2,2019.0,2.2073
REGION,CIVCO2,2020.0,2.7509
REGION,CIVCO2,2021.0,4.2707
REGION,CIVCO2,2022.0,5.892
REGION,CIVCO2,2023.0,5.8223
REGION,CIVCO2,2024.0,5.7557
REGION,CIVCO2,2025.0,7.0455
REGION,CIVCO2,2026.0,9.6608
REGION,CIVCO2,2027.0,9.6167
REGION,CIVCO2,2028.0,9.5427
REGION,CIVCO2,2029.0,10.125
REGION,CIVCO2,2030.0,10.5127
REGION,CIVCO2,2031.0,12.323
REGION,CIVCO2,2032.0,14.8142
REGION,CIVCO2,2033.0,16.2451
REGION,CIVCO2,2034.0,18.6443
REGION,CIVCO2,2035.0,19.9144
REGION,CIVCO2,2036.0,20.8035
REGION,CIVCO2,2037.0,22.9971
REGION,CIVCO2,2038.0,25.3656
REGION,CIVCO2,2039.0,27.8995
REGION,CIVCO2,2040.0,30.4184
REGION,CIVREN,2015.0,0.0
REGION,CIVREN,2016.0,0.0
REGION,CIVREN,2017.0,0.0
REGION,CIVREN,2018.0,0.0
REGION,CIVREN,2019.0,0.0
REGION,CIVREN,2020.0,0.0
REGION,CIVREN,2021.0,-8.7089
REGION,CIVREN,2022.0,-0.0
REGION,CIVREN,2023.0,-38.3197
REGION,CIVREN,2024.0,-14.0112
REGION,CIVREN,2025.0,-21.4901
REGION,CIVREN,2026.0,0.0
REGION,CIVREN,2027.0,-0.0
REGION,CIVREN,2028.0,-0.0
REGION,CIVREN,2029.0,-0.0
REGION,CIVREN,2030.0,-0.0
REGION,CIVREN,2031.0,-0.0
REGION,CIVREN,2032.0,-0.0
REGION,CIVREN,2033.0,-0.0
REGION,CIVREN,2034.0,-4.6476
REGION,CIVREN,2035.0,-13.5886
REGION,CIVREN,2036.0,-20.4222
REGION,CIVREN,2037.0,-17.2049
REGION,CIVREN,2038.0,-13.2914
REGION,CIVREN,2039.0,-8.7216
REGION,CIVREN,2040.0,-4.1858
REGION,CMRCO2,2015.0,2.5503
REGION,CMRCO2,2016.0,2.4774
REGION,CMRCO2,2017.0,2.9277
REGION,CMRCO2,2018.0,2.7006
REGION,CMRCO2,2019.0,2.939
REGION,CMRCO2,2020.0,2.6753
REGION,CMRCO2,2021.0,3.0245
REGION,CMRCO2,2022.0,3.4966
REGION,CMRCO2,2023.0,3.9707
REGION,CMRCO2,2024.0,4.44
REGION,CMRCO2,2025.0,4.2908
REGION,CMRCO2,2026.0,4.0578
REGION,CMRCO2,2027.0,3.7881
REGION,CMRCO2,2028.0,3.7664
REGION,CMRCO2,2029.0,3.7417
REGION,CMRCO2,2030.0,3.72
REGION,CMRCO2,2031.0,4.1386
REGION,CMRCO2,2032.0,4.3549
REGION,CMRCO2,2033.0,4.7689
REGION,CMRCO2,2034.0,5.222
REGION,CMRCO2,2035.0,5.7838
REGION,CMRCO2,2036.0,6.2872
REGION,CMRCO2,2037.0,6.7289
REGION,CMRCO2,2038.0,6.7442
REGION,CMRCO2,2039.0,6.7469
REGION,CMRCO2,2040.0,7.0057
REGION,CMRREN,2015.0,0.0
REGION,CMRREN,2016.0,0.0
REGION,CMRREN,2017.0,0.0
REGION,CMRREN,2018.0,0.0
REGION,CMRREN,2019.0,0.0
REGION,CMRREN,2020.0,0.0
REGION,CMRREN,2021.0,-846.9474
REGION,CMRREN,2022.0,-398.1834
REGION,CMRREN,2023.0,-244.9932
REGION,CMRREN,2024.0,-166.2429
REGION,CMRREN,2025.0,-122.6956
REGION,CMRREN,2026.0,-94.3775
REGION,CMRREN,2027.0,-74.6743
REGION,CMRREN,2028.0,-58.959
REGION,CMRREN,2029.0,-46.7785
REGION,CMRREN,2030.0,-38.8548
REGION,CMRREN,2031.0,-32.1289
REGION,CMRREN,2032.0,-27.7964
REGION,CMRREN,2033.0,-21.5549
REGION,CMRREN,2034.0,-13.3419
REGION,CMRREN,2035.0,-2.4768
REGION,CMRREN,2036.0,0.0
REGION,CMRREN,2037.0,-0.0
REGION,CMRREN,2038.0,-5.6944
REGION,CMRREN,2039.0,-11.5414
REGION,CMRREN,2040.0,-14.3314
REGION,CODCO2,2015.0,0.0511
REGION,CODCO2,2016.0,0.0511
REGION,CODCO2,2017.0,0.0511
REGION,CODCO2,2018.0,0.0679
REGION,CODCO2,2019.0,0.0627
REGION,CODCO2,2020.0,0.0523
REGION,CODCO2,2021.0,0.0642
REGION,CODCO2,2022.0,0.0879
REGION,CODCO2,2023.0,3.2872
REGION,CODCO2,2024.0,3.5992
REGION,CODCO2,2025.0,7.0433
REGION,CODCO2,2026.0,10.8388
REGION,CODCO2,2027.0,12.0347
REGION,CODCO2,2028.0,12.4669
REGION,CODCO2,2029.0,14.2265
REGION,CODCO2,2030.0,14.9633
REGION,CODCO2,2031.0,14.9539
REGION,CODCO2,2032.0,14.9506
REGION,CODCO2,2033.0,16.2053
REGION,CODCO2,2034.0,18.1697
REGION,CODCO2,2035.0,19.252
REGION,CODCO2,2036.0,21.4988
REGION,CODCO2,2037.0,23.4255
REGION,CODCO2,2038.0,24.9283
REGION,CODCO2,2039.0,26.2254
REGION,CODCO2,2040.0,28.4332
REGION,COGCO2,2015.0,0.6459
REGION,COGCO2,2016.0,0.7413
REGION,COGCO2,2017.0,0.8029
REGION,COGCO2,2018.0,0.8177
REGION,COGCO2,2019.0,1.0457
REGION,COGCO2,2020.0,1.0947
REGION,COGCO2,2021.0,0.9386
REGION,COGCO2,2022.0,1.0761
REGION,COGCO2,2023.0,1.1502
REGION,COGCO2,2024.0,1.2507
REGION,COGCO2,2025.0,1.3496
REGION,COGCO2,2026.0,1.5394
REGION,COGCO2,2027.0,1.6245
REGION,COGCO2,2028.0,1.6734
REGION,COGCO2,2029.0,1.7323
REGION,COGCO2,2030.0,1.7109
REGION,COGCO2,2031.0,1.8415
REGION,COGCO2,2032.0,1.9373
REGION,COGCO2,2033.0,2.0254
REGION,COGCO2,2034.0,2.1131
REGION,COGCO2,2035.0,2.1955
REGION,COGCO2,2036.0,2.2817
REGION,COGCO2,2037.0,2.3057
REGION,COGCO2,2038.0,2.3655
REGION,COGCO2,2039.0,2.4124
REGION,COGCO2,2040.0,2.4357
REGION,DJICO2,2015.0,0.1528
REGION,DJICO2,2016.0,0.1528
REGION,DJICO2,2017.0,0.155
REGION,DJICO2,2018.0,0.1551
REGION,DJICO2,2019.0,0.1552
REGION,DJICO2,2020.0,0.1552
REGION,DJICO2,2021.0,0.16
REGION,DJICO2,2022.0,0.2294
REGION,DJICO2,2023.0,0.2171
REGION,DJICO2,2024.0,0.127
REGION,DJICO2,2025.0,0.1888
REGION,DJICO2,2026.0,0.1856
REGION,DJICO2,2027.0,0.1819
REGION,DJICO2,2028.0,0.1694
REGION,DJICO2,2029.0,0.1615
REGION,DJICO2,2030.0,0.1528
REGION,DJICO2,2031.0,0.1405
REGION,DJICO2,2032.0,0.1286
REGION,DJICO2,2033.0,0.1097
REGION,DJICO2,2034.0,0.097
REGION,DJICO2,2035.0,0.0835
REGION,DJICO2,2036.0,0.0736
REGION,DJICO2,2037.0,0.0588
REGION,DJICO2,2038.0,0.051
REGION,DJICO2,2039.0,0.0429
REGION,DJICO2,2040.0,0.0413
REGION,DZACO2,2015.0,35.0198
REGION,DZACO2,2016.0,32.2869
REGION,DZACO2,2017.0,36.8853
REGION,DZACO2,2018.0,33.4537
REGION,DZACO2,2019.0,37.9425
REGION,DZACO2,2020.0,35.2029
REGION,DZACO2,2021.0,37.608
REGION,DZACO2,2022.0,40.5584
REGION,DZACO2,2023.0,43.0616
REGION,DZACO2,2024.0,45.0951
REGION,DZACO2,2025.0,46.4386
REGION,DZACO2,2026.0,46.5098
REGION,DZACO2,2027.0,46.8467
REGION,DZACO2,2028.0,46.9127
REGION,DZACO2,2029.0,46.4512
REGION,DZACO2,2030.0,42.2033
REGION,DZACO2,2031.0,44.4729
REGION,DZACO2,2032.0,45.7911
REGION,DZACO2,2033.0,45.057
REGION,DZACO2,2034.0,44.9794
REGION,DZACO2,2035.0,44.9631
REGION,DZACO2,2036.0,44.511
REGION,DZACO2,2037.0,43.9728
REGION,DZACO2,2038.0,44.7894
REGION,DZACO2,2039.0,43.7852
REGION,DZACO2,2040.0,41.9647
REGION,DZAREN,2015.0,0.0
REGION,DZAREN,2016.0,0.0
REGION,DZAREN,2017.0,0.0
REGION,DZAREN,2018.0,0.0
REGION,DZAREN,2019.0,0.0
REGION,DZAREN,2020.0,0.0
REGION,DZAREN,2021.0,-257.4059
REGION,DZAREN,2022.0,-141.9702
REGION,DZAREN,2023.0,-119.8452
REGION,DZAREN,2024.0,-110.67
REGION,DZAREN,2025.0,-125.5444
REGION,DZAREN,2026.0,-151.9998
REGION,DZAREN,2027.0,-136.0254
REGION,DZAREN,2028.0,-132.1343
REGION,DZAREN,2029.0,-135.6202
REGION,DZAREN,2030.0,-0.0
REGION,DZAREN,2031.0,-0.0
REGION,DZAREN,2032.0,-17.4468
REGION,DZAREN,2033.0,-58.582
REGION,DZAREN,2034.0,-93.0403
REGION,DZAREN,2035.0,-126.875
REGION,DZAREN,2036.0,-165.142
REGION,DZAREN,2037.0,-203.7284
REGION,DZAREN,2038.0,-229.4199
REGION,DZAREN,2039.0,-281.9626
REGION,DZAREN,2040.0,-366.5391
REGION,EGYCO2,2015.0,69.7511
REGION,EGYCO2,2016.0,66.176
REGION,EGYCO2,2017.0,68.346
REGION,EGYCO2,2018.0,64.7414
REGION,EGYCO2,2019.0,70.6356
REGION,EGYCO2,2020.0,71.6661
REGION,EGYCO2,2021.0,67.8226
REGION,EGYCO2,2022.0,80.6852
REGION,EGYCO2,2023.0,88.945
REGION,EGYCO2,2024.0,100.9874
REGION,EGYCO2,2025.0,120.3489
REGION,EGYCO2,2026.0,138.4392
REGION,EGYCO2,2027.0,140.7457
REGION,EGYCO2,2028.0,143.0945
REGION,EGYCO2,2029.0,145.9283
REGION,EGYCO2,2030.0,150.5981
REGION,EGYCO2,2031.0,151.3273
REGION,EGYCO2,2032.0,155.322
REGION,EGYCO2,2033.0,158.6101
REGION,EGYCO2,2034.0,166.9287
REGION,EGYCO2,2035.0,175.8485
REGION,EGYCO2,2036.0,186.972
REGION,EGYCO2,2037.0,196.2579
REGION,EGYCO2,2038.0,205.7293
REGION,EGYCO2,2039.0,214.0235
REGION,EGYCO2,2040.0,225.683
REGION,EGYREN,2015.0,0.0
REGION,EGYREN,2016.0,0.0
REGION,EGYREN,2017.0,0.0
REGION,EGYREN,2018.0,0.0
REGION,EGYREN,2019.0,0.0
REGION,EGYREN,2020.0,0.0
REGION,EGYREN,2021.0,-0.0
REGION,EGYREN,2022.0,-0.0
REGION,EGYREN,2023.0,-0.0
REGION,EGYREN,2024.0,-50.6984
REGION,EGYREN,2025.0,-107.0984
REGION,EGYREN,2026.0,-182.3526
REGION,EGYREN,2027.0,-314.8755
REGION,EGYREN,2028.0,-481.16
REGION,EGYREN,2029.0,-612.1174
REGION,EGYREN,2030.0,-764.3868
REGION,EGYREN,2031.0,-945.8363
REGION,EGYREN,2032.0,-1079.6529
REGION,EGYREN,2033.0,-1202.2405
REGION,EGYREN,2034.0,-1297.9713
REGION,EGYREN,2035.0,-1390.5049
REGION,EGYREN,2036.0,-1473.4844
REGION,EGYREN,2037.0,-1617.7284
REGION,EGYREN,2038.0,-1760.9859
REGION,EGYREN,2039.0,-1900.9565
REGION,EGYREN,2040.0,-1914.3394
REGION,ERICO2,2015.0,0.2648
REGION,ERICO2,2016.0,0.2561
REGION,ERICO2,2017.0,0.2616
REGION,ERICO2,2018.0,0.3275
REGION,ERICO2,2019.0,0.3442
REGION,ERICO2,2020.0,0.3545
REGION,ERICO2,2021.0,0.3955
REGION,ERICO2,2022.0,0.4245
REGION,ERICO2,2023.0,0.4416
REGION,ERICO2,2024.0,0.1411
REGION,ERICO2,2025.0,0.137
REGION,ERICO2,2026.0,0.1328
REGION,ERICO2,2027.0,0.1274
REGION,ERICO2,2028.0,0.127
REGION,ERICO2,2029.0,0.13
REGION,ERICO2,2030.0,0.1166
REGION,ERICO2,2031.0,0.1202
REGION,ERICO2,2032.0,0.1247
REGION,ERICO2,2033.0,0.131
REGION,ERICO2,2034.0,0.1217
REGION,ERICO2,2035.0,0.117
REGION,ERICO2,2036.0,0.1136
REGION,ERICO2,2037.0,0.1078
REGION,ERICO2,2038.0,0.1022
REGION,ERICO2,2039.0,0.0981
REGION,ERICO2,2040.0,0.0943
REGION,ERIREN,2015.0,0.0
REGION,ERIREN,2016.0,0.0
REGION,ERIREN,2017.0,0.0
REGION,ERIREN,2018.0,0.0
REGION,ERIREN,2019.0,0.0
REGION,ERIREN,2020.0,0.0
REGION,ERIREN,2021.0,0.0
REGION,ERIREN,2022.0,-0.0
REGION,ERIREN,2023.0,-0.0
REGION,ERIREN,2024.0,-0.9378
REGION,ERIREN,2025.0,-0.5352
REGION,ERIREN,2026.0,-0.2806
REGION,ERIREN,2027.0,-0.1434
REGION,ERIREN,2028.0,-0.12
REGION,ERIREN,2029.0,-0.0
REGION,ERIREN,2030.0,-0.0
REGION,ERIREN,2031.0,-0.0
REGION,ERIREN,2032.0,0.0
REGION,ERIREN,2033.0,-0.0246
REGION,ERIREN,2034.0,-0.1109
REGION,ERIREN,2035.0,-0.1758
REGION,ERIREN,2036.0,-0.2342
REGION,ERIREN,2037.0,-0.3118
REGION,ERIREN,2038.0,-0.3871
REGION,ERIREN,2039.0,-0.459
REGION,ERIREN,2040.0,-0.546
REGION,ETHCO2,2015.0,0.1471
REGION,ETHCO2,2016.0,0.1606
REGION,ETHCO2,2017.0,0.1384
REGION,ETHCO2,2018.0,0.1387
REGION,ETHCO2,2019.0,0.1464
REGION,ETHCO2,2020.0,0.1744
REGION,ETHCO2,2021.0,0.2298
REGION,ETHCO2,2022.0,0.247
REGION,ETHCO2,2023.0,0.2832
REGION,ETHCO2,2024.0,0.2725
REGION,ETHCO2,2025.0,0.3602
REGION,ETHCO2,2026.0,1.3241
REGION,ETHCO2,2027.0,1.6383
REGION,ETHCO2,2028.0,1.8726
REGION,ETHCO2,2029.0,2.2508
REGION,ETHCO2,2030.0,2.2913
REGION,ETHCO2,2031.0,2.3318
REGION,ETHCO2,2032.0,2.3442
REGION,ETHCO2,2033.0,2.3366
REGION,ETHCO2,2034.0,2.329
REGION,ETHCO2,2035.0,2.3567
REGION,ETHCO2,2036.0,2.3648
REGION,ETHCO2,2037.0,2.3654
REGION,ETHCO2,2038.0,2.4444
REGION,ETHCO2,2039.0,2.5339
REGION,ETHCO2,2040.0,2.9032
REGION,GABCO2,2015.0,1.1878
REGION,GABCO2,2016.0,1.2799
REGION,GABCO2,2017.0,1.3719
REGION,GABCO2,2018.0,1.3565
REGION,GABCO2,2019.0,1.4026
REGION,GABCO2,2020.0,1.0268
REGION,GABCO2,2021.0,1.1091
REGION,GABCO2,2022.0,1.2419
REGION,GABCO2,2023.0,1.2137
REGION,GABCO2,2024.0,1.1856
REGION,GABCO2,2025.0,1.1449
REGION,GABCO2,2026.0,1.0846
REGION,GABCO2,2027.0,1.0172
REGION,GABCO2,2028.0,0.908
REGION,GABCO2,2029.0,0.9292
REGION,GABCO2,2030.0,0.9005
REGION,GABCO2,2031.0,0.8721
REGION,GABCO2,2032.0,0.8436
REGION,GABCO2,2033.0,0.8151
REGION,GABCO2,2034.0,0.7865
REGION,GABCO2,2035.0,0.868
REGION,GABCO2,2036.0,0.9585
REGION,GABCO2,2037.0,1.0512
REGION,GABCO2,2038.0,1.1642
REGION,GABCO2,2039.0,1.2756
REGION,GABCO2,2040.0,1.3374
REGION,GHACO2,2015.0,3.34
REGION,GHACO2,2016.0,5.3585
REGION,GHACO2,2017.0,6.2147
REGION,GHACO2,2018.0,7.5323
REGION,GHACO2,2019.0,7.1757
REGION,GHACO2,2020.0,3.3968
REGION,GHACO2,2021.0,8.0064
REGION,GHACO2,2022.0,9.0233
REGION,GHACO2,2023.0,8.8736
REGION,GHACO2,2024.0,8.7316
REGION,GHACO2,2025.0,8.8119
REGION,GHACO2,2026.0,16.2392
REGION,GHACO2,2027.0,17.0628
REGION,GHACO2,2028.0,18.1809
REGION,GHACO2,2029.0,20.0055
REGION,GHACO2,2030.0,19.8533
REGION,GHACO2,2031.0,22.6663
REGION,GHACO2,2032.0,25.1784
REGION,GHACO2,2033.0,28.1189
REGION,GHACO2,2034.0,29.8031
REGION,GHACO2,2035.0,32.9502
REGION,GHACO2,2036.0,35.6568
REGION,GHACO2,2037.0,38.4294
REGION,GHACO2,2038.0,41.489
REGION,GHACO2,2039.0,46.0805
REGION,GHACO2,2040.0,50.8134
REGION,GHAREN,2015.0,0.0
REGION,GHAREN,2016.0,0.0
REGION,GHAREN,2017.0,0.0
REGION,GHAREN,2018.0,0.0
REGION,GHAREN,2019.0,0.0
REGION,GHAREN,2020.0,0.0
REGION,GHAREN,2021.0,-0.0
REGION,GHAREN,2022.0,-0.0
REGION,GHAREN,2023.0,-0.0
REGION,GHAREN,2024.0,-0.0
REGION,GHAREN,2025.0,-0.0
REGION,GHAREN,2026.0,-0.0
REGION,GHAREN,2027.0,-0.0
REGION,GHAREN,2028.0,-0.0
REGION,GHAREN,2029.0,-0.0
REGION,GHAREN,2030.0,-7.5405
REGION,GHAREN,2031.0,-12.4324
REGION,GHAREN,2032.0,-9.5396
REGION,GHAREN,2033.0,-2.3452
REGION,GHAREN,2034.0,-0.0
REGION,GHAREN,2035.0,0.0
REGION,GHAREN,2036.0,-0.0
REGION,GHAREN,2037.0,-0.0
REGION,GHAREN,2038.0,-0.0
REGION,GHAREN,2039.0,-0.0
REGION,GHAREN,2040.0,-0.0
REGION,GINCO2,2015.0,0.4102
REGION,GINCO2,2016.0,0.7417
REGION,GINCO2,2017.0,0.2725
REGION,GINCO2,2018.0,1.1359
REGION,GINCO2,2019.0,1.1431
REGION,GINCO2,2020.0,1.1445
REGION,GINCO2,2021.0,0.9485
REGION,GINCO2,2022.0,0.9242
REGION,GINCO2,2023.0,0.9773
REGION,GINCO2,2024.0,0.9202
REGION,GINCO2,2025.0,0.8632
REGION,GINCO2,2026.0,0.7138
REGION,GINCO2,2027.0,0.7491
REGION,GINCO2,2028.0,0.6929
REGION,GINCO2,2029.0,0.6358
REGION,GINCO2,2030.0,0.5787
REGION,GINCO2,2031.0,0.5219
REGION,GINCO2,2032.0,0.4654
REGION,GINCO2,2033.0,0.4083
REGION,GINCO2,2034.0,0.3512
REGION,GINCO2,2035.0,0.374
REGION,GINCO2,2036.0,0.5405
REGION,GINCO2,2037.0,0.7815
REGION,GINCO2,2038.0,1.0328
REGION,GINCO2,2039.0,1.3278
REGION,GINCO2,2040.0,3.2707
REGION,GINREN,2015.0,0.0
REGION,GINREN,2016.0,0.0
REGION,GINREN,2017.0,0.0
REGION,GINREN,2018.0,0.0
REGION,GINREN,2019.0,0.0
REGION,GINREN,2020.0,0.0
REGION,GINREN,2021.0,-0.0
REGION,GINREN,2022.0,-0.0
REGION,GINREN,2023.0,-0.0
REGION,GINREN,2024.0,-0.1738
REGION,GINREN,2025.0,-0.3524
REGION,GINREN,2026.0,-1.0263
REGION,GINREN,2027.0,-0.7229
REGION,GINREN,2028.0,-7.0718
REGION,GINREN,2029.0,-7.1199
REGION,GINREN,2030.0,-7.5794
REGION,GINREN,2031.0,-10.1794
REGION,GINREN,2032.0,-14.6181
REGION,GINREN,2033.0,-15.5053
REGION,GINREN,2034.0,-16.3965
REGION,GINREN,2035.0,-17.0813
REGION,GINREN,2036.0,-16.923
REGION,GINREN,2037.0,-16.2152
REGION,GINREN,2038.0,-15.4597
REGION,GINREN,2039.0,-14.5355
REGION,GINREN,2040.0,-7.2662
REGION,GMBCO2,2015.0,0.3004
REGION,GMBCO2,2016.0,0.3262
REGION,GMBCO2,2017.0,0.2023
REGION,GMBCO2,2018.0,0.2042
REGION,GMBCO2,2019.0,0.241
REGION,GMBCO2,2020.0,0.2537
REGION,GMBCO2,2021.0,0.055
REGION,GMBCO2,2022.0,0.0519
REGION,GMBCO2,2023.0,0.2171
REGION,GMBCO2,2024.0,0.2044
REGION,GMBCO2,2025.0,0.1918
REGION,GMBCO2,2026.0,0.1792
REGION,GMBCO2,2027.0,0.1666
REGION,GMBCO2,2028.0,0.154
REGION,GMBCO2,2029.0,0.1414
REGION,GMBCO2,2030.0,0.1287
REGION,GMBCO2,2031.0,0.1161
REGION,GMBCO2,2032.0,0.1034
REGION,GMBCO2,2033.0,0.0908
REGION,GMBCO2,2034.0,0.0782
REGION,GMBCO2,2035.0,0.0655
REGION,GMBCO2,2036.0,0.0971
REGION,GMBCO2,2037.0,0.1546
REGION,GMBCO2,2038.0,0.131
REGION,GMBCO2,2039.0,0.1769
REGION,GMBCO2,2040.0,0.3909
REGION,GMBREN,2015.0,0.0
REGION,GMBREN,2016.0,0.0
REGION,GMBREN,2017.0,0.0
REGION,GMBREN,2018.0,0.0
REGION,GMBREN,2019.0,0.0
REGION,GMBREN,2020.0,0.0
REGION,GMBREN,2021.0,-0.0
REGION,GMBREN,2022.0,-0.0
REGION,GMBREN,2023.0,-0.0
REGION,GMBREN,2024.0,-0.0057
REGION,GMBREN,2025.0,-0.3146
REGION,GMBREN,2026.0,-0.6469
REGION,GMBREN,2027.0,-1.0479
REGION,GMBREN,2028.0,-1.305
REGION,GMBREN,2029.0,-1.3142
REGION,GMBREN,2030.0,-1.287
REGION,GMBREN,2031.0,-1.6952
REGION,GMBREN,2032.0,-1.8868
REGION,GMBREN,2033.0,-2.1578
REGION,GMBREN,2034.0,-2.3971
REGION,GMBREN,2035.0,-2.6761
REGION,GMBREN,2036.0,-2.6039
REGION,GMBREN,2037.0,-2.4107
REGION,GMBREN,2038.0,-2.5469
REGION,GMBREN,2039.0,-2.3942
REGION,GMBREN,2040.0,-1.5861
REGION,GNBCO2,2015.0,0.0474
REGION,GNBCO2,2016.0,0.0502
REGION,GNBCO2,2017.0,0.0882
REGION,GNBCO2,2018.0,0.0936
REGION,GNBCO2,2019.0,0.0665
REGION,GNBCO2,2020.0,0.0629
REGION,GNBCO2,2021.0,0.0423
REGION,GNBCO2,2022.0,0.0411
REGION,GNBCO2,2023.0,0.0408
REGION,GNBCO2,2024.0,0.0351
REGION,GNBCO2,2025.0,0.0353
REGION,GNBCO2,2026.0,0.0295
REGION,GNBCO2,2027.0,0.0242
REGION,GNBCO2,2028.0,0.0174
REGION,GNBCO2,2029.0,0.016
REGION,GNBCO2,2030.0,0.0146
REGION,GNBCO2,2031.0,0.0132
REGION,GNBCO2,2032.0,0.0118
REGION,GNBCO2,2033.0,0.0104
REGION,GNBCO2,2034.0,0.009
REGION,GNBCO2,2035.0,0.0255
REGION,GNBCO2,2036.0,0.0424
REGION,GNBCO2,2037.0,0.0595
REGION,GNBCO2,2038.0,0.0856
REGION,GNBCO2,2039.0,0.1005
REGION,GNBCO2,2040.0,0.1172
REGION,GNBREN,2015.0,0.0
REGION,GNBREN,2016.0,0.0
REGION,GNBREN,2017.0,0.0
REGION,GNBREN,2018.0,0.0
REGION,GNBREN,2019.0,0.0
REGION,GNBREN,2020.0,0.0
REGION,GNBREN,2021.0,-0.0
REGION,GNBREN,2022.0,0.0001
REGION,GNBREN,2023.0,-0.4139
REGION,GNBREN,2024.0,-0.5824
REGION,GNBREN,2025.0,-1.1357
REGION,GNBREN,2026.0,-1.1491
REGION,GNBREN,2027.0,-1.5143
REGION,GNBREN,2028.0,-1.4912
REGION,GNBREN,2029.0,-1.3875
REGION,GNBREN,2030.0,-1.3319
REGION,GNBREN,2031.0,-1.3447
REGION,GNBREN,2032.0,-1.4425
REGION,GNBREN,2033.0,-1.5243
REGION,GNBREN,2034.0,-1.6097
REGION,GNBREN,2035.0,-1.5631
REGION,GNBREN,2036.0,-1.5156
REGION,GNBREN,2037.0,-1.467
REGION,GNBREN,2038.0,-1.384
REGION,GNBREN,2039.0,-1.3441
REGION,GNBREN,2040.0,-1.2998
REGION,GNQCO2,2015.0,0.9049
REGION,GNQCO2,2016.0,0.8363
REGION,GNQCO2,2017.0,0.7671
REGION,GNQCO2,2018.0,0.6913
REGION,GNQCO2,2019.0,1.0416
REGION,GNQCO2,2020.0,0.4268
REGION,GNQCO2,2021.0,0.4108
REGION,GNQCO2,2022.0,0.359
REGION,GNQCO2,2023.0,0.3036
REGION,GNQCO2,2024.0,0.3267
REGION,GNQCO2,2025.0,0.351
REGION,GNQCO2,2026.0,0.3747
REGION,GNQCO2,2027.0,0.3915
REGION,GNQCO2,2028.0,0.4011
REGION,GNQCO2,2029.0,0.4174
REGION,GNQCO2,2030.0,0.4025
REGION,GNQCO2,2031.0,0.3914
REGION,GNQCO2,2032.0,0.3804
REGION,GNQCO2,2033.0,0.3693
REGION,GNQCO2,2034.0,0.3583
REGION,GNQCO2,2035.0,0.3472
REGION,GNQCO2,2036.0,0.3361
REGION,GNQCO2,2037.0,0.3223
REGION,GNQCO2,2038.0,0.3035
REGION,GNQCO2,2039.0,0.2833
REGION,GNQCO2,2040.0,0.2632
REGION,KENCO2,2015.0,1.2042
REGION,KENCO2,2016.0,1.598
REGION,KENCO2,2017.0,2.501
REGION,KENCO2,2018.0,2.6996
REGION,KENCO2,2019.0,0.8732
REGION,KENCO2,2020.0,0.9158
REGION,KENCO2,2021.0,1.7011
REGION,KENCO2,2022.0,1.6906
REGION,KENCO2,2023.0,1.6829
REGION,KENCO2,2024.0,8.4468
REGION,KENCO2,2025.0,8.4648
REGION,KENCO2,2026.0,8.487
REGION,KENCO2,2027.0,8.5193
REGION,KENCO2,2028.0,8.545
REGION,KENCO2,2029.0,8.5774
REGION,KENCO2,2030.0,7.313
REGION,KENCO2,2031.0,8.6421
REGION,KENCO2,2032.0,7.7284
REGION,KENCO2,2033.0,7.3202
REGION,KENCO2,2034.0,6.9682
REGION,KENCO2,2035.0,5.7363
REGION,KENCO2,2036.0,5.1995
REGION,KENCO2,2037.0,4.8786
REGION,KENCO2,2038.0,4.9574
REGION,KENCO2,2039.0,5.1519
REGION,KENCO2,2040.0,5.4414
REGION,LBRCO2,2015.0,0.2474
REGION,LBRCO2,2016.0,0.2421
REGION,LBRCO2,2017.0,0.1238
REGION,LBRCO2,2018.0,0.7987
REGION,LBRCO2,2019.0,0.8033
REGION,LBRCO2,2020.0,0.8032
REGION,LBRCO2,2021.0,0.562
REGION,LBRCO2,2022.0,0.5596
REGION,LBRCO2,2023.0,0.7143
REGION,LBRCO2,2024.0,0.684
REGION,LBRCO2,2025.0,0.6541
REGION,LBRCO2,2026.0,0.6241
REGION,LBRCO2,2027.0,0.592
REGION,LBRCO2,2028.0,0.5493
REGION,LBRCO2,2029.0,0.5189
REGION,LBRCO2,2030.0,0.4885
REGION,LBRCO2,2031.0,0.4582
REGION,LBRCO2,2032.0,0.4278
REGION,LBRCO2,2033.0,0.3974
REGION,LBRCO2,2034.0,0.3671
REGION,LBRCO2,2035.0,0.4101
REGION,LBRCO2,2036.0,0.5221
REGION,LBRCO2,2037.0,0.5772
REGION,LBRCO2,2038.0,0.6486
REGION,LBRCO2,2039.0,1.7074
REGION,LBRCO2,2040.0,1.6543
REGION,LBRREN,2015.0,0.0
REGION,LBRREN,2016.0,0.0
REGION,LBRREN,2017.0,0.0
REGION,LBRREN,2018.0,0.0
REGION,LBRREN,2019.0,0.0
REGION,LBRREN,2020.0,0.0
REGION,LBRREN,2021.0,-0.0
REGION,LBRREN,2022.0,0.0
REGION,LBRREN,2023.0,-0.0
REGION,LBRREN,2024.0,-0.092
REGION,LBRREN,2025.0,-4.4994
REGION,LBRREN,2026.0,-7.4301
REGION,LBRREN,2027.0,-14.7614
REGION,LBRREN,2028.0,-14.9135
REGION,LBRREN,2029.0,-14.9422
REGION,LBRREN,2030.0,-15.2557
REGION,LBRREN,2031.0,-15.648
REGION,LBRREN,2032.0,-16.2132
REGION,LBRREN,2033.0,-16.7939
REGION,LBRREN,2034.0,-17.0529
REGION,LBRREN,2035.0,-17.0448
REGION,LBRREN,2036.0,-16.7706
REGION,LBRREN,2037.0,-16.8504
REGION,LBRREN,2038.0,-16.7084
REGION,LBRREN,2039.0,-12.7606
REGION,LBRREN,2040.0,-13.1782
REGION,LBYCO2,2015.0,11.5855
REGION,LBYCO2,2016.0,11.1324
REGION,LBYCO2,2017.0,11.1815
REGION,LBYCO2,2018.0,12.5188
REGION,LBYCO2,2019.0,11.9491
REGION,LBYCO2,2020.0,12.5659
REGION,LBYCO2,2021.0,13.4652
REGION,LBYCO2,2022.0,15.4665
REGION,LBYCO2,2023.0,17.3254
REGION,LBYCO2,2024.0,19.4193
REGION,LBYCO2,2025.0,19.5373
REGION,LBYCO2,2026.0,19.0958
REGION,LBYCO2,2027.0,19.2494
REGION,LBYCO2,2028.0,18.9212
REGION,LBYCO2,2029.0,18.9008
REGION,LBYCO2,2030.0,17.807
REGION,LBYCO2,2031.0,16.6738
REGION,LBYCO2,2032.0,15.3641
REGION,LBYCO2,2033.0,15.3236
REGION,LBYCO2,2034.0,15.515
REGION,LBYCO2,2035.0,14.717
REGION,LBYCO2,2036.0,13.9203
REGION,LBYCO2,2037.0,13.4752
REGION,LBYCO2,2038.0,13.8347
REGION,LBYCO2,2039.0,14.027
REGION,LBYCO2,2040.0,16.5407
REGION,LBYREN,2015.0,0.0
REGION,LBYREN,2016.0,0.0
REGION,LBYREN,2017.0,0.0
REGION,LBYREN,2018.0,0.0
REGION,LBYREN,2019.0,0.0
REGION,LBYREN,2020.0,0.0
REGION,LBYREN,2021.0,-0.0
REGION,LBYREN,2022.0,-0.0
REGION,LBYREN,2023.0,-0.0
REGION,LBYREN,2024.0,-0.0
REGION,LBYREN,2025.0,-0.0
REGION,LBYREN,2026.0,-22.2365
REGION,LBYREN,2027.0,-68.2583
REGION,LBYREN,2028.0,-118.7067
REGION,LBYREN,2029.0,-166.624
REGION,LBYREN,2030.0,-225.4575
REGION,LBYREN,2031.0,-336.3476
REGION,LBYREN,2032.0,-448.2586
REGION,LBYREN,2033.0,-557.4253
REGION,LBYREN,2034.0,-667.926
REGION,LBYREN,2035.0,-761.5527
REGION,LBYREN,2036.0,-853.0862
REGION,LBYREN,2037.0,-891.9237
REGION,LBYREN,2038.0,-918.2224
REGION,LBYREN,2039.0,-946.2349
REGION,LBYREN,2040.0,-985.1328
REGION,LSOCO2,2015.0,0.0018
REGION,LSOCO2,2016.0,0.0133
REGION,LSOCO2,2017.0,0.0018
REGION,LSOCO2,2018.0,0.002
REGION,LSOCO2,2019.0,0.0272
REGION,LSOCO2,2020.0,0.0018
REGION,LSOCO2,2021.0,0.0018
REGION,LSOCO2,2022.0,0.0075
REGION,LSOCO2,2023.0,0.0246
REGION,LSOCO2,2024.0,0.016
REGION,LSOCO2,2025.0,0.0199
REGION,LSOCO2,2026.0,0.0079
REGION,LSOCO2,2027.0,0.0078
REGION,LSOCO2,2028.0,0.0028
REGION,LSOCO2,2029.0,0.0023
REGION,LSOCO2,2030.0,0.0025
REGION,LSOCO2,2031.0,0.0021
REGION,LSOCO2,2032.0,0.0018
REGION,LSOCO2,2033.0,0.0017
REGION,LSOCO2,2034.0,0.0016
REGION,LSOCO2,2035.0,0.0015
REGION,LSOCO2,2036.0,0.0017
REGION,LSOCO2,2037.0,0.0019
REGION,LSOCO2,2038.0,0.0023
REGION,LSOCO2,2039.0,0.1156
REGION,LSOCO2,2040.0,0.218
REGION,MARCO2,2015.0,27.7402
REGION,MARCO2,2016.0,27.8663
REGION,MARCO2,2017.0,28.0926
REGION,MARCO2,2018.0,30.142
REGION,MARCO2,2019.0,32.093
REGION,MARCO2,2020.0,30.9926
REGION,MARCO2,2021.0,20.1404
REGION,MARCO2,2022.0,23.5673
REGION,MARCO2,2023.0,28.2905
REGION,MARCO2,2024.0,29.5877
REGION,MARCO2,2025.0,30.281
REGION,MARCO2,2026.0,31.228
REGION,MARCO2,2027.0,31.0078
REGION,MARCO2,2028.0,30.7871
REGION,MARCO2,2029.0,30.6418
REGION,MARCO2,2030.0,31.5934
REGION,MARCO2,2031.0,31.0162
REGION,MARCO2,2032.0,30.8366
REGION,MARCO2,2033.0,31.3498
REGION,MARCO2,2034.0,31.5184
REGION,MARCO2,2035.0,31.6881
REGION,MARCO2,2036.0,33.8578
REGION,MARCO2,2037.0,36.9452
REGION,MARCO2,2038.0,39.8094
REGION,MARCO2,2039.0,44.363
REGION,MARCO2,2040.0,47.3302
REGION,MARREN,2015.0,0.0
REGION,MARREN,2016.0,0.0
REGION,MARREN,2017.0,0.0
REGION,MARREN,2018.0,0.0
REGION,MARREN,2019.0,0.0
REGION,MARREN,2020.0,0.0
REGION,MARREN,2021.0,-0.0
REGION,MARREN,2022.0,-0.0
REGION,MARREN,2023.0,-0.0
REGION,MARREN,2024.0,-0.0
REGION,MARREN,2025.0,-0.0
REGION,MARREN,2026.0,-0.0
REGION,MARREN,2027.0,-0.0
REGION,MARREN,2028.0,-0.0
REGION,MARREN,2029.0,-0.0
REGION,MARREN,2030.0,-0.0
REGION,MARREN,2031.0,-0.0
REGION,MARREN,2032.0,-0.0
REGION,MARREN,2033.0,-0.0
REGION,MARREN,2034.0,-0.0
REGION,MARREN,2035.0,-0.0
REGION,MARREN,2036.0,-0.0
REGION,MARREN,2037.0,-0.0
REGION,MARREN,2038.0,-0.0
REGION,MARREN,2039.0,-0.0
REGION,MARREN,2040.0,-0.0
REGION,MLICO2,2015.0,2.0836
REGION,MLICO2,2016.0,2.4499
REGION,MLICO2,2017.0,2.8163
REGION,MLICO2,2018.0,3.1826
REGION,MLICO2,2019.0,3.5493
REGION,MLICO2,2020.0,0.4136
REGION,MLICO2,2021.0,0.3969
REGION,MLICO2,2022.0,0.388
REGION,MLICO2,2023.0,0.3672
REGION,MLICO2,2024.0,0.3504
REGION,MLICO2,2025.0,0.3344
REGION,MLICO2,2026.0,0.3183
REGION,MLICO2,2027.0,0.294
REGION,MLICO2,2028.0,0.2437
REGION,MLICO2,2029.0,0.1937
REGION,MLICO2,2030.0,0.1766
REGION,MLICO2,2031.0,0.1594
REGION,MLICO2,2032.0,0.1422
REGION,MLICO2,2033.0,0.1251
REGION,MLICO2,2034.0,0.1079
REGION,MLICO2,2035.0,0.0907
REGION,MLICO2,2036.0,0.0736
REGION,MLICO2,2037.0,0.0564
REGION,MLICO2,2038.0,0.091
REGION,MLICO2,2039.0,0.5829
REGION,MLICO2,2040.0,1.1992
REGION,MLIREN,2015.0,0.0
REGION,MLIREN,2016.0,0.0
REGION,MLIREN,2017.0,0.0
REGION,MLIREN,2018.0,0.0
REGION,MLIREN,2019.0,0.0
REGION,MLIREN,2020.0,0.0
REGION,MLIREN,2021.0,-101.315
REGION,MLIREN,2022.0,-54.3575
REGION,MLIREN,2023.0,-88.0416
REGION,MLIREN,2024.0,-65.8157
REGION,MLIREN,2025.0,-56.3736
REGION,MLIREN,2026.0,-49.8255
REGION,MLIREN,2027.0,-45.7088
REGION,MLIREN,2028.0,-45.8711
REGION,MLIREN,2029.0,-45.536
REGION,MLIREN,2030.0,-44.6866
REGION,MLIREN,2031.0,-47.229
REGION,MLIREN,2032.0,-54.5079
REGION,MLIREN,2033.0,-70.5788
REGION,MLIREN,2034.0,-76.623
REGION,MLIREN,2035.0,-85.5834
REGION,MLIREN,2036.0,-102.0287
REGION,MLIREN,2037.0,-111.9125
REGION,MLIREN,2038.0,-117.9217
REGION,MLIREN,2039.0,-119.3389
REGION,MLIREN,2040.0,-119.9782
REGION,MOZCO2,2015.0,0.4632
REGION,MOZCO2,2016.0,0.4628
REGION,MOZCO2,2017.0,0.7167
REGION,MOZCO2,2018.0,0.4632
REGION,MOZCO2,2019.0,0.6221
REGION,MOZCO2,2020.0,0.9903
REGION,MOZCO2,2021.0,0.4406
REGION,MOZCO2,2022.0,0.418
REGION,MOZCO2,2023.0,0.5047
REGION,MOZCO2,2024.0,3.7093
REGION,MOZCO2,2025.0,4.2653
REGION,MOZCO2,2026.0,13.0519
REGION,MOZCO2,2027.0,13.0119
REGION,MOZCO2,2028.0,13.627
REGION,MOZCO2,2029.0,14.4429
REGION,MOZCO2,2030.0,18.0886
REGION,MOZCO2,2031.0,15.5582
REGION,MOZCO2,2032.0,15.7319
REGION,MOZCO2,2033.0,15.9841
REGION,MOZCO2,2034.0,16.7282
REGION,MOZCO2,2035.0,17.9019
REGION,MOZCO2,2036.0,18.3905
REGION,MOZCO2,2037.0,18.5748
REGION,MOZCO2,2038.0,18.6085
REGION,MOZCO2,2039.0,18.5859
REGION,MOZCO2,2040.0,18.5616
REGION,MRTCO2,2015.0,0.7629
REGION,MRTCO2,2016.0,0.7821
REGION,MRTCO2,2017.0,0.8948
REGION,MRTCO2,2018.0,1.035
REGION,MRTCO2,2019.0,0.9122
REGION,MRTCO2,2020.0,1.5992
REGION,MRTCO2,2021.0,1.5702
REGION,MRTCO2,2022.0,1.8952
REGION,MRTCO2,2023.0,1.9534
REGION,MRTCO2,2024.0,1.346
REGION,MRTCO2,2025.0,1.2292
REGION,MRTCO2,2026.0,1.2405
REGION,MRTCO2,2027.0,1.2407
REGION,MRTCO2,2028.0,1.2399
REGION,MRTCO2,2029.0,1.2997
REGION,MRTCO2,2030.0,1.432
REGION,MRTCO2,2031.0,1.4709
REGION,MRTCO2,2032.0,1.4988
REGION,MRTCO2,2033.0,1.5329
REGION,MRTCO2,2034.0,1.5599
REGION,MRTCO2,2035.0,1.5872
REGION,MRTCO2,2036.0,1.6197
REGION,MRTCO2,2037.0,1.8564
REGION,MRTCO2,2038.0,2.0285
REGION,MRTCO2,2039.0,2.0608
REGION,MRTCO2,2040.0,2.0059
REGION,MRTREN,2015.0,0.0
REGION,MRTREN,2016.0,0.0
REGION,MRTREN,2017.0,0.0
REGION,MRTREN,2018.0,0.0
REGION,MRTREN,2019.0,0.0
REGION,MRTREN,2020.0,0.0
REGION,MRTREN,2021.0,-0.0
REGION,MRTREN,2022.0,-0.0
REGION,MRTREN,2023.0,-0.0
REGION,MRTREN,2024.0,-0.0
REGION,MRTREN,2025.0,-0.0
REGION,MRTREN,2026.0,-0.0
REGION,MRTREN,2027.0,-0.0
REGION,MRTREN,2028.0,-0.0
REGION,MRTREN,2029.0,-0.0
REGION,MRTREN,2030.0,-1.2187
REGION,MRTREN,2031.0,-0.468
REGION,MRTREN,2032.0,-0.0
REGION,MRTREN,2033.0,-0.0
REGION,MRTREN,2034.0,-0.0
REGION,MRTREN,2035.0,-0.0
REGION,MRTREN,2036.0,-0.0
REGION,MRTREN,2037.0,-0.0
REGION,MRTREN,2038.0,-0.0
REGION,MRTREN,2039.0,0.0
REGION,MRTREN,2040.0,-0.0
REGION,MWICO2,2015.0,0.2626
REGION,MWICO2,2016.0,0.2738
REGION,MWICO2,2017.0,0.0888
REGION,MWICO2,2018.0,0.2186
REGION,MWICO2,2019.0,0.2741
REGION,MWICO2,2020.0,0.0713
REGION,MWICO2,2021.0,0.0696
REGION,MWICO2,2022.0,0.0681
REGION,MWICO2,2023.0,0.5144
REGION,MWICO2,2024.0,0.928
REGION,MWICO2,2025.0,0.9198
REGION,MWICO2,2026.0,0.9155
REGION,MWICO2,2027.0,0.9124
REGION,MWICO2,2028.0,0.9046
REGION,MWICO2,2029.0,0.9012
REGION,MWICO2,2030.0,0.8978
REGION,MWICO2,2031.0,0.6817
REGION,MWICO2,2032.0,0.6783
REGION,MWICO2,2033.0,0.6748
REGION,MWICO2,2034.0,0.6714
REGION,MWICO2,2035.0,0.668
REGION,MWICO2,2036.0,0.7735
REGION,MWICO2,2037.0,0.7522
REGION,MWICO2,2038.0,0.871
REGION,MWICO2,2039.0,1.2996
REGION,MWICO2,2040.0,1.9693
REGION,NAMCO2,2015.0,0.2123
REGION,NAMCO2,2016.0,0.2136
REGION,NAMCO2,2017.0,0.2137
REGION,NAMCO2,2018.0,0.2137
REGION,NAMCO2,2019.0,0.2162
REGION,NAMCO2,2020.0,0.2123
REGION,NAMCO2,2021.0,0.2116
REGION,NAMCO2,2022.0,0.385
REGION,NAMCO2,2023.0,0.9846
REGION,NAMCO2,2024.0,2.0304
REGION,NAMCO2,2025.0,2.1089
REGION,NAMCO2,2026.0,2.211
REGION,NAMCO2,2027.0,2.271
REGION,NAMCO2,2028.0,2.3555
REGION,NAMCO2,2029.0,2.2018
REGION,NAMCO2,2030.0,1.9552
REGION,NAMCO2,2031.0,2.1517
REGION,NAMCO2,2032.0,2.3473
REGION,NAMCO2,2033.0,2.5542
REGION,NAMCO2,2034.0,2.8257
REGION,NAMCO2,2035.0,3.1194
REGION,NAMCO2,2036.0,3.3887
REGION,NAMCO2,2037.0,3.6177
REGION,NAMCO2,2038.0,3.8763
REGION,NAMCO2,2039.0,4.08
REGION,NAMCO2,2040.0,4.1984
REGION,NAMREN,2015.0,0.0
REGION,NAMREN,2016.0,0.0
REGION,NAMREN,2017.0,0.0
REGION,NAMREN,2018.0,0.0
REGION,NAMREN,2019.0,0.0
REGION,NAMREN,2020.0,0.0
REGION,NAMREN,2021.0,-74.9892
REGION,NAMREN,2022.0,-33.4784
REGION,NAMREN,2023.0,-16.1485
REGION,NAMREN,2024.0,-0.0
REGION,NAMREN,2025.0,-0.0
REGION,NAMREN,2026.0,-0.0
REGION,NAMREN,2027.0,-0.0
REGION,NAMREN,2028.0,-0.0
REGION,NAMREN,2029.0,-0.0
REGION,NAMREN,2030.0,-0.0
REGION,NAMREN,2031.0,-0.0
REGION,NAMREN,2032.0,-0.0
REGION,NAMREN,2033.0,-0.0
REGION,NAMREN,2034.0,-0.0
REGION,NAMREN,2035.0,0.0
REGION,NAMREN,2036.0,-0.0
REGION,NAMREN,2037.0,-0.0
REGION,NAMREN,2038.0,-0.0
REGION,NAMREN,2039.0,-0.0
REGION,NAMREN,2040.0,-0.0
REGION,NERCO2,2015.0,0.327
REGION,NERCO2,2016.0,0.327
REGION,NERCO2,2017.0,0.3366
REGION,NERCO2,2018.0,0.3512
REGION,NERCO2,2019.0,0.3502
REGION,NERCO2,2020.0,0.3496
REGION,NERCO2,2021.0,0.3472
REGION,NERCO2,2022.0,0.4738
REGION,NERCO2,2023.0,1.2542
REGION,NERCO2,2024.0,1.2381
REGION,NERCO2,2025.0,1.2207
REGION,NERCO2,2026.0,1.4574
REGION,NERCO2,2027.0,1.4413
REGION,NERCO2,2028.0,1.4201
REGION,NERCO2,2029.0,1.3848
REGION,NERCO2,2030.0,1.3874
REGION,NERCO2,2031.0,1.371
REGION,NERCO2,2032.0,1.3547
REGION,NERCO2,2033.0,1.3383
REGION,NERCO2,2034.0,1.322
REGION,NERCO2,2035.0,1.3056
REGION,NERCO2,2036.0,1.2893
REGION,NERCO2,2037.0,1.2729
REGION,NERCO2,2038.0,1.2566
REGION,NERCO2,2039.0,1.2402
REGION,NERCO2,2040.0,1.2239
REGION,NERREN,2015.0,0.0
REGION,NERREN,2016.0,0.0
REGION,NERREN,2017.0,0.0
REGION,NERREN,2018.0,0.0
REGION,NERREN,2019.0,0.0
REGION,NERREN,2020.0,0.0
REGION,NERREN,2021.0,-1.3095
REGION,NERREN,2022.0,-0.0
REGION,NERREN,2023.0,-0.0
REGION,NERREN,2024.0,-0.6894
REGION,NERREN,2025.0,-2.0836
REGION,NERREN,2026.0,-0.6815
REGION,NERREN,2027.0,-0.4447
REGION,NERREN,2028.0,-0.1824
REGION,NERREN,2029.0,-0.0
REGION,NERREN,2030.0,-0.0
REGION,NERREN,2031.0,-0.1491
REGION,NERREN,2032.0,-0.5274
REGION,NERREN,2033.0,-0.9144
REGION,NERREN,2034.0,-1.3105
REGION,NERREN,2035.0,-1.7115
REGION,NERREN,2036.0,-2.3153
REGION,NERREN,2037.0,-2.8066
REGION,NERREN,2038.0,-3.4899
REGION,NERREN,2039.0,-3.7416
REGION,NERREN,2040.0,-4.9451
REGION,NGACO2,2015.0,12.566
REGION,NGACO2,2016.0,13.455
REGION,NGACO2,2017.0,14.0188
REGION,NGACO2,2018.0,13.1802
REGION,NGACO2,2019.0,11.5204
REGION,NGACO2,2020.0,10.2909
REGION,NGACO2,2021.0,18.6003
REGION,NGACO2,2022.0,27.1333
REGION,NGACO2,2023.0,33.6991
REGION,NGACO2,2024.0,50.3114
REGION,NGACO2,2025.0,65.2451
REGION,NGACO2,2026.0,68.264
REGION,NGACO2,2027.0,69.7107
REGION,NGACO2,2028.0,70.8991
REGION,NGACO2,2029.0,71.787
REGION,NGACO2,2030.0,72.9205
REGION,NGACO2,2031.0,73.9005
REGION,NGACO2,2032.0,77.5774
REGION,NGACO2,2033.0,80.9392
REGION,NGACO2,2034.0,84.8107
REGION,NGACO2,2035.0,87.2899
REGION,NGACO2,2036.0,90.1147
REGION,NGACO2,2037.0,92.811
REGION,NGACO2,2038.0,95.5803
REGION,NGACO2,2039.0,98.5713
REGION,NGACO2,2040.0,101.261
REGION,NGAREN,2015.0,0.0
REGION,NGAREN,2016.0,0.0
REGION,NGAREN,2017.0,0.0
REGION,NGAREN,2018.0,0.0
REGION,NGAREN,2019.0,0.0
REGION,NGAREN,2020.0,0.0
REGION,NGAREN,2021.0,-37.3474
REGION,NGAREN,2022.0,-0.0
REGION,NGAREN,2023.0,-0.0
REGION,NGAREN,2024.0,-0.0
REGION,NGAREN,2025.0,-0.0
REGION,NGAREN,2026.0,-0.0
REGION,NGAREN,2027.0,-0.0
REGION,NGAREN,2028.0,-0.0
REGION,NGAREN,2029.0,-0.0
REGION,NGAREN,2030.0,-0.0
REGION,NGAREN,2031.0,-0.0
REGION,NGAREN,2032.0,-0.0
REGION,NGAREN,2033.0,-0.0
REGION,NGAREN,2034.0,-0.0
REGION,NGAREN,2035.0,-0.0
REGION,NGAREN,2036.0,-0.0
REGION,NGAREN,2037.0,-0.0
REGION,NGAREN,2038.0,-0.0
REGION,NGAREN,2039.0,-0.0
REGION,NGAREN,2040.0,-0.0
REGION,RWACO2,2015.0,0.1239
REGION,RWACO2,2016.0,0.0356
REGION,RWACO2,2017.0,0.0358
REGION,RWACO2,2018.0,0.1401
REGION,RWACO2,2019.0,0.0351
REGION,RWACO2,2020.0,0.0351
REGION,RWACO2,2021.0,0.0782
REGION,RWACO2,2022.0,0.6857
REGION,RWACO2,2023.0,0.3659
REGION,RWACO2,2024.0,0.4189
REGION,RWACO2,2025.0,0.4244
REGION,RWACO2,2026.0,0.4223
REGION,RWACO2,2027.0,0.6215
REGION,RWACO2,2028.0,0.6276
REGION,RWACO2,2029.0,0.6325
REGION,RWACO2,2030.0,0.8338
REGION,RWACO2,2031.0,0.8417
REGION,RWACO2,2032.0,0.8496
REGION,RWACO2,2033.0,0.8773
REGION,RWACO2,2034.0,0.9037
REGION,RWACO2,2035.0,0.9119
REGION,RWACO2,2036.0,0.9209
REGION,RWACO2,2037.0,0.9323
REGION,RWACO2,2038.0,1.2204
REGION,RWACO2,2039.0,1.3986
REGION,RWACO2,2040.0,1.4098
REGION,RWAREN,2015.0,0.0
REGION,RWAREN,2016.0,0.0
REGION,RWAREN,2017.0,0.0
REGION,RWAREN,2018.0,0.0
REGION,RWAREN,2019.0,0.0
REGION,RWAREN,2020.0,0.0
REGION,RWAREN,2021.0,-9.7801
REGION,RWAREN,2022.0,-0.0
REGION,RWAREN,2023.0,-0.0
REGION,RWAREN,2024.0,-0.0
REGION,RWAREN,2025.0,-0.0
REGION,RWAREN,2026.0,-0.0
REGION,RWAREN,2027.0,-0.0
REGION,RWAREN,2028.0,-0.0
REGION,RWAREN,2029.0,-0.0
REGION,RWAREN,2030.0,-0.0
REGION,RWAREN,2031.0,-0.0
REGION,RWAREN,2032.0,-0.0
REGION,RWAREN,2033.0,-0.0
REGION,RWAREN,2034.0,-0.0
REGION,RWAREN,2035.0,-0.0
REGION,RWAREN,2036.0,-0.0
REGION,RWAREN,2037.0,-0.0
REGION,RWAREN,2038.0,-0.0
REGION,RWAREN,2039.0,-0.0
REGION,RWAREN,2040.0,-0.0
REGION,SDNCO2,2015.0,4.96
REGION,SDNCO2,2016.0,6.2724
REGION,SDNCO2,2017.0,6.0421
REGION,SDNCO2,2018.0,2.25
REGION,SDNCO2,2019.0,2.0738
REGION,SDNCO2,2020.0,2.0738
REGION,SDNCO2,2021.0,11.9849
REGION,SDNCO2,2022.0,13.0072
REGION,SDNCO2,2023.0,12.5619
REGION,SDNCO2,2024.0,12.1715
REGION,SDNCO2,2025.0,11.8785
REGION,SDNCO2,2026.0,9.2647
REGION,SDNCO2,2027.0,12.8339
REGION,SDNCO2,2028.0,14.8478
REGION,SDNCO2,2029.0,16.0245
REGION,SDNCO2,2030.0,14.6273
REGION,SDNCO2,2031.0,22.9099
REGION,SDNCO2,2032.0,31.2649
REGION,SDNCO2,2033.0,40.9538
REGION,SDNCO2,2034.0,43.6557
REGION,SDNCO2,2035.0,45.3178
REGION,SDNCO2,2036.0,45.4814
REGION,SDNCO2,2037.0,45.7257
REGION,SDNCO2,2038.0,45.8874
REGION,SDNCO2,2039.0,46.0541
REGION,SDNCO2,2040.0,45.6386
REGION,SDNREN,2015.0,0.0
REGION,SDNREN,2016.0,0.0
REGION,SDNREN,2017.0,0.0
REGION,SDNREN,2018.0,0.0
REGION,SDNREN,2019.0,0.0
REGION,SDNREN,2020.0,0.0
REGION,SDNREN,2021.0,-948.6956
REGION,SDNREN,2022.0,-403.1369
REGION,SDNREN,2023.0,-227.9058
REGION,SDNREN,2024.0,-160.8542
REGION,SDNREN,2025.0,-114.5088
REGION,SDNREN,2026.0,-100.3315
REGION,SDNREN,2027.0,-51.5928
REGION,SDNREN,2028.0,-0.0
REGION,SDNREN,2029.0,-0.0
REGION,SDNREN,2030.0,-52.8783
REGION,SDNREN,2031.0,-64.3604
REGION,SDNREN,2032.0,-52.1289
REGION,SDNREN,2033.0,-34.28
REGION,SDNREN,2034.0,-44.3125
REGION,SDNREN,2035.0,-58.3242
REGION,SDNREN,2036.0,-99.3026
REGION,SDNREN,2037.0,-139.9689
REGION,SDNREN,2038.0,-182.0275
REGION,SDNREN,2039.0,-224.6277
REGION,SDNREN,2040.0,-274.8838
REGION,SENCO2,2015.0,2.5675
REGION,SENCO2,2016.0,2.7359
REGION,SENCO2,2017.0,2.4637
REGION,SENCO2,2018.0,2.8698
REGION,SENCO2,2019.0,2.6844
REGION,SENCO2,2020.0,3.939
REGION,SENCO2,2021.0,3.2675
REGION,SENCO2,2022.0,3.3701
REGION,SENCO2,2023.0,3.4599
REGION,SENCO2,2024.0,3.2859
REGION,SENCO2,2025.0,3.1499
REGION,SENCO2,2026.0,4.1743
REGION,SENCO2,2027.0,4.4164
REGION,SENCO2,2028.0,4.8328
REGION,SENCO2,2029.0,4.9137
REGION,SENCO2,2030.0,5.3182
REGION,SENCO2,2031.0,5.4436
REGION,SENCO2,2032.0,5.5687
REGION,SENCO2,2033.0,5.6935
REGION,SENCO2,2034.0,6.0549
REGION,SENCO2,2035.0,6.1919
REGION,SENCO2,2036.0,6.56
REGION,SENCO2,2037.0,6.6984
REGION,SENCO2,2038.0,7.0053
REGION,SENCO2,2039.0,7.4059
REGION,SENCO2,2040.0,7.6421
REGION,SENREN,2015.0,0.0
REGION,SENREN,2016.0,0.0
REGION,SENREN,2017.0,0.0
REGION,SENREN,2018.0,0.0
REGION,SENREN,2019.0,0.0
REGION,SENREN,2020.0,0.0
REGION,SENREN,2021.0,-0.0
REGION,SENREN,2022.0,-0.0
REGION,SENREN,2023.0,-0.5989
REGION,SENREN,2024.0,-7.3211
REGION,SENREN,2025.0,-7.2825
REGION,SENREN,2026.0,-4.0369
REGION,SENREN,2027.0,-3.1738
REGION,SENREN,2028.0,-1.6167
REGION,SENREN,2029.0,-1.3386
REGION,SENREN,2030.0,-0.0
REGION,SENREN,2031.0,-0.0
REGION,SENREN,2032.0,-0.0
REGION,SENREN,2033.0,-0.0
REGION,SENREN,2034.0,-0.0
REGION,SENREN,2035.0,-0.0
REGION,SENREN,2036.0,-0.0
REGION,SENREN,2037.0,-0.0
REGION,SENREN,2038.0,-0.0
REGION,SENREN,2039.0,-0.0
REGION,SENREN,2040.0,-0.0
REGION,SLECO2,2015.0,0.1283
REGION,SLECO2,2016.0,0.1285
REGION,SLECO2,2017.0,0.1431
REGION,SLECO2,2018.0,0.2853
REGION,SLECO2,2019.0,0.3619
REGION,SLECO2,2020.0,0.5801
REGION,SLECO2,2021.0,0.5174
REGION,SLECO2,2022.0,0.5183
REGION,SLECO2,2023.0,0.4999
REGION,SLECO2,2024.0,0.4738
REGION,SLECO2,2025.0,0.447
REGION,SLECO2,2026.0,0.4208
REGION,SLECO2,2027.0,0.3952
REGION,SLECO2,2028.0,0.3685
REGION,SLECO2,2029.0,0.3417
REGION,SLECO2,2030.0,0.3148
REGION,SLECO2,2031.0,0.2886
REGION,SLECO2,2032.0,0.2618
REGION,SLECO2,2033.0,1.3473
REGION,SLECO2,2034.0,2.5149
REGION,SLECO2,2035.0,4.0009
REGION,SLECO2,2036.0,6.0256
REGION,SLECO2,2037.0,7.7767
REGION,SLECO2,2038.0,9.6738
REGION,SLECO2,2039.0,11.1036
REGION,SLECO2,2040.0,13.8349
REGION,SLEREN,2015.0,0.0
REGION,SLEREN,2016.0,0.0
REGION,SLEREN,2017.0,0.0
REGION,SLEREN,2018.0,0.0
REGION,SLEREN,2019.0,0.0
REGION,SLEREN,2020.0,0.0
REGION,SLEREN,2021.0,-0.0
REGION,SLEREN,2022.0,-0.0
REGION,SLEREN,2023.0,-0.2348
REGION,SLEREN,2024.0,-1.8843
REGION,SLEREN,2025.0,-3.8862
REGION,SLEREN,2026.0,-10.5698
REGION,SLEREN,2027.0,-15.4361
REGION,SLEREN,2028.0,-15.8003
REGION,SLEREN,2029.0,-15.2785
REGION,SLEREN,2030.0,-15.1792
REGION,SLEREN,2031.0,-17.7474
REGION,SLEREN,2032.0,-19.0226
REGION,SLEREN,2033.0,-16.2385
REGION,SLEREN,2034.0,-13.4129
REGION,SLEREN,2035.0,-10.3273
REGION,SLEREN,2036.0,-5.7193
REGION,SLEREN,2037.0,-2.7981
REGION,SLEREN,2038.0,-0.134
REGION,SLEREN,2039.0,-0.0
REGION,SLEREN,2040.0,-0.0
REGION,SOMCO2,2015.0,0.2472
REGION,SOMCO2,2016.0,0.2449
REGION,SOMCO2,2017.0,0.2416
REGION,SOMCO2,2018.0,0.2648
REGION,SOMCO2,2019.0,0.2772
REGION,SOMCO2,2020.0,0.216
REGION,SOMCO2,2021.0,0.1028
REGION,SOMCO2,2022.0,0.1213
REGION,SOMCO2,2023.0,0.535
REGION,SOMCO2,2024.0,0.6459
REGION,SOMCO2,2025.0,0.8415
REGION,SOMCO2,2026.0,0.9027
REGION,SOMCO2,2027.0,0.9493
REGION,SOMCO2,2028.0,0.9464
REGION,SOMCO2,2029.0,1.0162
REGION,SOMCO2,2030.0,1.0487
REGION,SOMCO2,2031.0,1.0815
REGION,SOMCO2,2032.0,1.1514
REGION,SOMCO2,2033.0,1.1996
REGION,SOMCO2,2034.0,1.2682
REGION,SOMCO2,2035.0,1.3362
REGION,SOMCO2,2036.0,1.404
REGION,SOMCO2,2037.0,1.6228
REGION,SOMCO2,2038.0,1.8408
REGION,SOMCO2,2039.0,2.0609
REGION,SOMCO2,2040.0,2.2084
REGION,SSDCO2,2015.0,0.3781
REGION,SSDCO2,2016.0,0.2936
REGION,SSDCO2,2017.0,0.3565
REGION,SSDCO2,2018.0,0.3194
REGION,SSDCO2,2019.0,0.3352
REGION,SSDCO2,2020.0,0.1905
REGION,SSDCO2,2021.0,0.2063
REGION,SSDCO2,2022.0,0.2224
REGION,SSDCO2,2023.0,0.243
REGION,SSDCO2,2024.0,0.1826
REGION,SSDCO2,2025.0,0.176
REGION,SSDCO2,2026.0,0.1719
REGION,SSDCO2,2027.0,0.1684
REGION,SSDCO2,2028.0,0.1648
REGION,SSDCO2,2029.0,0.1612
REGION,SSDCO2,2030.0,0.1574
REGION,SSDCO2,2031.0,0.1538
REGION,SSDCO2,2032.0,0.1501
REGION,SSDCO2,2033.0,0.1464
REGION,SSDCO2,2034.0,0.1427
REGION,SSDCO2,2035.0,0.1387
REGION,SSDCO2,2036.0,0.1342
REGION,SSDCO2,2037.0,0.1295
REGION,SSDCO2,2038.0,0.1248
REGION,SSDCO2,2039.0,0.1225
REGION,SSDCO2,2040.0,0.1188
REGION,SWZCO2,2015.0,0.0065
REGION,SWZCO2,2016.0,0.0068
REGION,SWZCO2,2017.0,0.0068
REGION,SWZCO2,2018.0,0.0068
REGION,SWZCO2,2019.0,0.0074
REGION,SWZCO2,2020.0,0.0065
REGION,SWZCO2,2021.0,0.0067
REGION,SWZCO2,2022.0,0.0064
REGION,SWZCO2,2023.0,0.0062
REGION,SWZCO2,2024.0,1.826
REGION,SWZCO2,2025.0,4.1929
REGION,SWZCO2,2026.0,5.277
REGION,SWZCO2,2027.0,5.8992
REGION,SWZCO2,2028.0,8.7869
REGION,SWZCO2,2029.0,8.7859
REGION,SWZCO2,2030.0,8.7873
REGION,SWZCO2,2031.0,8.784
REGION,SWZCO2,2032.0,8.783
REGION,SWZCO2,2033.0,8.7821
REGION,SWZCO2,2034.0,8.7811
REGION,SWZCO2,2035.0,8.7802
REGION,SWZCO2,2036.0,8.7778
REGION,SWZCO2,2037.0,8.7775
REGION,SWZCO2,2038.0,8.7773
REGION,SWZCO2,2039.0,8.777
REGION,SWZCO2,2040.0,8.7768
REGION,TCDCO2,2015.0,0.1919
REGION,TCDCO2,2016.0,0.1914
REGION,TCDCO2,2017.0,0.1887
REGION,TCDCO2,2018.0,0.1884
REGION,TCDCO2,2019.0,0.139
REGION,TCDCO2,2020.0,0.1395
REGION,TCDCO2,2021.0,0.1325
REGION,TCDCO2,2022.0,0.1256
REGION,TCDCO2,2023.0,0.1187
REGION,TCDCO2,2024.0,0.1118
REGION,TCDCO2,2025.0,0.1049
REGION,TCDCO2,2026.0,0.0978
REGION,TCDCO2,2027.0,0.0909
REGION,TCDCO2,2028.0,0.0829
REGION,TCDCO2,2029.0,0.076
REGION,TCDCO2,2030.0,0.0691
REGION,TCDCO2,2031.0,0.0622
REGION,TCDCO2,2032.0,0.0553
REGION,TCDCO2,2033.0,0.0689
REGION,TCDCO2,2034.0,0.0917
REGION,TCDCO2,2035.0,0.0577
REGION,TCDCO2,2036.0,0.0624
REGION,TCDCO2,2037.0,0.0389
REGION,TCDCO2,2038.0,0.0308
REGION,TCDCO2,2039.0,0.0158
REGION,TCDCO2,2040.0,0.0
REGION,TGOCO2,2015.0,0.0671
REGION,TGOCO2,2016.0,0.0671
REGION,TGOCO2,2017.0,0.071
REGION,TGOCO2,2018.0,0.0671
REGION,TGOCO2,2019.0,0.071
REGION,TGOCO2,2020.0,0.065
REGION,TGOCO2,2021.0,0.0655
REGION,TGOCO2,2022.0,0.0779
REGION,TGOCO2,2023.0,2.0744
REGION,TGOCO2,2024.0,2.6856
REGION,TGOCO2,2025.0,3.2992
REGION,TGOCO2,2026.0,3.8238
REGION,TGOCO2,2027.0,3.8183
REGION,TGOCO2,2028.0,3.813
REGION,TGOCO2,2029.0,3.8098
REGION,TGOCO2,2030.0,3.8083
REGION,TGOCO2,2031.0,3.8428
REGION,TGOCO2,2032.0,3.8776
REGION,TGOCO2,2033.0,3.8742
REGION,TGOCO2,2034.0,3.8709
REGION,TGOCO2,2035.0,3.8676
REGION,TGOCO2,2036.0,3.8642
REGION,TGOCO2,2037.0,3.8609
REGION,TGOCO2,2038.0,3.8576
REGION,TGOCO2,2039.0,3.8541
REGION,TGOCO2,2040.0,3.8509
REGION,TGOREN,2015.0,0.0
REGION,TGOREN,2016.0,0.0
REGION,TGOREN,2017.0,0.0
REGION,TGOREN,2018.0,0.0
REGION,TGOREN,2019.0,0.0
REGION,TGOREN,2020.0,0.0
REGION,TGOREN,2021.0,-9.0788
REGION,TGOREN,2022.0,-8.1813
REGION,TGOREN,2023.0,-8.9197
REGION,TGOREN,2024.0,-5.8626
REGION,TGOREN,2025.0,-2.865
REGION,TGOREN,2026.0,-0.3109
REGION,TGOREN,2027.0,-0.0
REGION,TGOREN,2028.0,-0.0
REGION,TGOREN,2029.0,-0.0
REGION,TGOREN,2030.0,-0.0
REGION,TGOREN,2031.0,-0.0
REGION,TGOREN,2032.0,-0.0
REGION,TGOREN,2033.0,-0.1489
REGION,TGOREN,2034.0,-0.299
REGION,TGOREN,2035.0,-10.8167
REGION,TGOREN,2036.0,-32.5949
REGION,TGOREN,2037.0,-54.3741
REGION,TGOREN,2038.0,-76.1543
REGION,TGOREN,2039.0,-87.076
REGION,TGOREN,2040.0,-91.1027
REGION,TUNCO2,2015.0,8.9396
REGION,TUNCO2,2016.0,9.8359
REGION,TUNCO2,2017.0,10.2195
REGION,TUNCO2,2018.0,8.3978
REGION,TUNCO2,2019.0,6.2713
REGION,TUNCO2,2020.0,5.798
REGION,TUNCO2,2021.0,7.176
REGION,TUNCO2,2022.0,8.4425
REGION,TUNCO2,2023.0,9.9595
REGION,TUNCO2,2024.0,12.3892
REGION,TUNCO2,2025.0,13.8964
REGION,TUNCO2,2026.0,15.3917
REGION,TUNCO2,2027.0,14.9237
REGION,TUNCO2,2028.0,14.4406
REGION,TUNCO2,2029.0,14.643
REGION,TUNCO2,2030.0,15.7878
REGION,TUNCO2,2031.0,14.1487
REGION,TUNCO2,2032.0,12.9949
REGION,TUNCO2,2033.0,12.8969
REGION,TUNCO2,2034.0,12.7973
REGION,TUNCO2,2035.0,12.741
REGION,TUNCO2,2036.0,13.9919
REGION,TUNCO2,2037.0,16.3192
REGION,TUNCO2,2038.0,17.0871
REGION,TUNCO2,2039.0,16.6656
REGION,TUNCO2,2040.0,15.0656
REGION,TUNREN,2015.0,0.0
REGION,TUNREN,2016.0,0.0
REGION,TUNREN,2017.0,0.0
REGION,TUNREN,2018.0,0.0
REGION,TUNREN,2019.0,0.0
REGION,TUNREN,2020.0,0.0
REGION,TUNREN,2021.0,-85.0999
REGION,TUNREN,2022.0,-49.4226
REGION,TUNREN,2023.0,-62.4252
REGION,TUNREN,2024.0,-63.2897
REGION,TUNREN,2025.0,-72.6099
REGION,TUNREN,2026.0,-69.9992
REGION,TUNREN,2027.0,-75.307
REGION,TUNREN,2028.0,-78.0669
REGION,TUNREN,2029.0,-68.1372
REGION,TUNREN,2030.0,-53.1611
REGION,TUNREN,2031.0,-84.1206
REGION,TUNREN,2032.0,-108.2942
REGION,TUNREN,2033.0,-126.8443
REGION,TUNREN,2034.0,-145.3943
REGION,TUNREN,2035.0,-163.5305
REGION,TUNREN,2036.0,-172.505
REGION,TUNREN,2037.0,-178.9492
REGION,TUNREN,2038.0,-192.1875
REGION,TUNREN,2039.0,-214.7558
REGION,TUNREN,2040.0,-280.9557
REGION,TZACO2,2015.0,1.8059
REGION,TZACO2,2016.0,1.8427
REGION,TZACO2,2017.0,2.3047
REGION,TZACO2,2018.0,2.2903
REGION,TZACO2,2019.0,0.9795
REGION,TZACO2,2020.0,0.9809
REGION,TZACO2,2021.0,1.4994
REGION,TZACO2,2022.0,3.7604
REGION,TZACO2,2023.0,8.3431
REGION,TZACO2,2024.0,8.8421
REGION,TZACO2,2025.0,11.2601
REGION,TZACO2,2026.0,13.1045
REGION,TZACO2,2027.0,13.9133
REGION,TZACO2,2028.0,15.8111
REGION,TZACO2,2029.0,16.0237
REGION,TZACO2,2030.0,19.1417
REGION,TZACO2,2031.0,19.0022
REGION,TZACO2,2032.0,22.9962
REGION,TZACO2,2033.0,25.9016
REGION,TZACO2,2034.0,28.7969
REGION,TZACO2,2035.0,31.6864
REGION,TZACO2,2036.0,34.2592
REGION,TZACO2,2037.0,36.8364
REGION,TZACO2,2038.0,39.3959
REGION,TZACO2,2039.0,40.6908
REGION,TZACO2,2040.0,41.7471
REGION,UGACO2,2015.0,0.1012
REGION,UGACO2,2016.0,0.1012
REGION,UGACO2,2017.0,0.1012
REGION,UGACO2,2018.0,0.1012
REGION,UGACO2,2019.0,0.0975
REGION,UGACO2,2020.0,0.0975
REGION,UGACO2,2021.0,0.1002
REGION,UGACO2,2022.0,1.2145
REGION,UGACO2,2023.0,0.9776
REGION,UGACO2,2024.0,1.1361
REGION,UGACO2,2025.0,1.4488
REGION,UGACO2,2026.0,1.6919
REGION,UGACO2,2027.0,1.7664
REGION,UGACO2,2028.0,1.946
REGION,UGACO2,2029.0,2.0644
REGION,UGACO2,2030.0,2.1509
REGION,UGACO2,2031.0,2.1297
REGION,UGACO2,2032.0,2.1084
REGION,UGACO2,2033.0,2.0872
REGION,UGACO2,2034.0,2.066
REGION,UGACO2,2035.0,2.088
REGION,UGACO2,2036.0,2.238
REGION,UGACO2,2037.0,2.4155
REGION,UGACO2,2038.0,2.4778
REGION,UGACO2,2039.0,2.6982
REGION,UGACO2,2040.0,2.569
REGION,ZAFCO2,2015.0,188.182
REGION,ZAFCO2,2016.0,199.2371
REGION,ZAFCO2,2017.0,198.9961
REGION,ZAFCO2,2018.0,197.008
REGION,ZAFCO2,2019.0,211.0656
REGION,ZAFCO2,2020.0,206.1261
REGION,ZAFCO2,2021.0,221.9324
REGION,ZAFCO2,2022.0,242.7173
REGION,ZAFCO2,2023.0,261.9576
REGION,ZAFCO2,2024.0,261.5558
REGION,ZAFCO2,2025.0,272.7014
REGION,ZAFCO2,2026.0,274.8484
REGION,ZAFCO2,2027.0,278.6851
REGION,ZAFCO2,2028.0,275.4743
REGION,ZAFCO2,2029.0,272.956
REGION,ZAFCO2,2030.0,261.8605
REGION,ZAFCO2,2031.0,276.3007
REGION,ZAFCO2,2032.0,280.72
REGION,ZAFCO2,2033.0,285.1194
REGION,ZAFCO2,2034.0,288.088
REGION,ZAFCO2,2035.0,288.7666
REGION,ZAFCO2,2036.0,290.22
REGION,ZAFCO2,2037.0,293.8667
REGION,ZAFCO2,2038.0,296.3231
REGION,ZAFCO2,2039.0,297.9
REGION,ZAFCO2,2040.0,301.8297
REGION,ZAFREN,2015.0,0.0
REGION,ZAFREN,2016.0,0.0
REGION,ZAFREN,2017.0,0.0
REGION,ZAFREN,2018.0,0.0
REGION,ZAFREN,2019.0,0.0
REGION,ZAFREN,2020.0,0.0
REGION,ZAFREN,2021.0,-4683.3889
REGION,ZAFREN,2022.0,-1741.2514
REGION,ZAFREN,2023.0,-713.6658
REGION,ZAFREN,2024.0,-316.3937
REGION,ZAFREN,2025.0,-64.7963
REGION,ZAFREN,2026.0,-0.0
REGION,ZAFREN,2027.0,-0.0
REGION,ZAFREN,2028.0,-0.0
REGION,ZAFREN,2029.0,-0.0
REGION,ZAFREN,2030.0,-0.0
REGION,ZAFREN,2031.0,-28.5053
REGION,ZAFREN,2032.0,-93.1452
REGION,ZAFREN,2033.0,-157.8622
REGION,ZAFREN,2034.0,-228.3008
REGION,ZAFREN,2035.0,-345.5765
REGION,ZAFREN,2036.0,-466.7271
REGION,ZAFREN,2037.0,-579.4511
REGION,ZAFREN,2038.0,-696.6967
REGION,ZAFREN,2039.0,-815.701
REGION,ZAFREN,2040.0,-851.9294
REGION,ZMBCO2,2015.0,0.417
REGION,ZMBCO2,2016.0,0.4209
REGION,ZMBCO2,2017.0,2.5427
REGION,ZMBCO2,2018.0,2.4872
REGION,ZMBCO2,2019.0,2.3148
REGION,ZMBCO2,2020.0,0.3214
REGION,ZMBCO2,2021.0,2.4223
REGION,ZMBCO2,2022.0,2.3746
REGION,ZMBCO2,2023.0,2.5684
REGION,ZMBCO2,2024.0,3.0728
REGION,ZMBCO2,2025.0,6.772
REGION,ZMBCO2,2026.0,6.7585
REGION,ZMBCO2,2027.0,6.6966
REGION,ZMBCO2,2028.0,6.6348
REGION,ZMBCO2,2029.0,6.6248
REGION,ZMBCO2,2030.0,6.6397
REGION,ZMBCO2,2031.0,6.6049
REGION,ZMBCO2,2032.0,6.5949
REGION,ZMBCO2,2033.0,6.585
REGION,ZMBCO2,2034.0,6.575
REGION,ZMBCO2,2035.0,6.565
REGION,ZMBCO2,2036.0,6.5553
REGION,ZMBCO2,2037.0,6.5456
REGION,ZMBCO2,2038.0,6.536
REGION,ZMBCO2,2039.0,6.5263
REGION,ZMBCO2,2040.0,6.5166
REGION,ZWECO2,2015.0,7.367
REGION,ZWECO2,2016.0,7.3355
REGION,ZWECO2,2017.0,7.4225
REGION,ZWECO2,2018.0,8.215
REGION,ZWECO2,2019.0,5.0602
REGION,ZWECO2,2020.0,3.4793
REGION,ZWECO2,2021.0,7.9374
REGION,ZWECO2,2022.0,12.0766
REGION,ZWECO2,2023.0,11.711
REGION,ZWECO2,2024.0,11.3454
REGION,ZWECO2,2025.0,10.9767
REGION,ZWECO2,2026.0,11.3831
REGION,ZWECO2,2027.0,11.8996
REGION,ZWECO2,2028.0,13.6038
REGION,ZWECO2,2029.0,16.9706
REGION,ZWECO2,2030.0,19.2675
REGION,ZWECO2,2031.0,18.9019
REGION,ZWECO2,2032.0,18.5363
REGION,ZWECO2,2033.0,18.1706
REGION,ZWECO2,2034.0,17.805
REGION,ZWECO2,2035.0,17.4394
REGION,ZWECO2,2036.0,17.4488
REGION,ZWECO2,2037.0,17.0838
REGION,ZWECO2,2038.0,16.7188
REGION,ZWECO2,2039.0,16.3538
REGION,ZWECO2,2040.0,16.3959
